{
  "general": {
    "rtde_frequency_Hz": 500,
    "robot_ip": "100.100.100.11"
  },


  "dispense_process": {
    "dispense_pressure_kpa": 200,
    "dispense_time_ms": 40000,
    "dispense_vacuum_kpa": 0
  },

  "robot_motion": {
    "joint": {
      "speed": 0.3,
      "accel": 0.6,
      "blend": 0.02
    },

    "cartesian": {
      "rapid_speed_m_per_s": 0.1,
      "rapid_accel_m_per_s2": 0.2,
      "probe_speed_m_per_s": 0.003,
      "probe_accel_m_per_s2": 0.1,
      "fine_probe_speed_m_per_s": 0.001,
      "fine_probe_accel_m_per_s2": 0.05
    }
  },

  "tcp": {
    "camera_tcp": [
      0.048,
      0.04207,
      0.013454,
      0,
      0,
      2.3562
    ],
    "cmm_tcp": [
      0.04736557636636464,
      -0.04706870195549551,
      0.01769223075966353,
      -0.729,
      1.76,
      -1.76
    ],
    "syringe_tcp": [
      0.0697,
      0.00004,
      0.09327,
      -1.2092,
      1.2092,
      -1.2092
    ],
    "vacuum_tool_tcp": [
      -0.09562,
      0.09227,
      0.01624,
      -1.4917182500000001,
      -0.6173968600000003,
      0.61200133
    ]
  },

  "coordinate_systems": {
    "optical-bench": {
      "pose": [
        0,
        0,
        0,
        0,
        0,
        0
      ],
      "local_adjustments": {
        "z_clocking_deg": 0,
        "x_offset_mm": 0,
        "y_offset_mm": 0
      },
      "plane_parameters": [
        0,
        0,
        0,
        0
      ]
    }
  },
  "joint_poses": {
    "dispenser": [
      1.3585495948791504,
      -1.6585351429381312,
      2.217789951954977,
      -0.5372765821269532,
      1.3845030069351196,
      -1.5918334166156214
    ],
    "compliant_vacuum": [
        1.2080144882202148,
        -0.9485030931285401,
        1.2411678473102015,
        -0.300111369495727,
        -0.37225658098329717,
        -3.947193209324972
    ],
    "cmm": [
      1.388608694076538,
      -1.2550304693034668,
      1.8937066237079065,
      -0.5984617036632081,
      1.3670636415481567,
      -0.7877085844623011
    ]
  }
}