{
    "dispense_analysis": {
        "target_area_mm2": 315.0,
        "area_tolerance_mm2": 37.5
    },
    "tools": {
        "slide_vacuum_do": 0,
        "clean_vacuum_do": 1
    },
    "camera_cal": {
        "K": 0,
        "dist": 0,
        "rvecs": 0,
        "tvecs": 0
    },
    "jigs": {
        "pick": {
            "description": "pick jig locating slide",
            "coordinate_system": [
                -0.29844,
                -0.13711,
                0.00364,
                -0.001041880190562233,
                -0.0023406117657932763,
                1.5664830247575814
            ],
            "pick_plane_normal": [
                -0.0003511043649597144,
                0.0009748940397525509,
                0.999999463153524,
                -0.002303198294860877
            ],
            "local_slide_position": [
                -0.03763,
                0.012555,
                0,
                2.221441,
                -2.221441,
                0.0
            ],
            "safe_joint_above": [
                -2.0821778,
                -2.44817334,
                -0.826762467,
                3.27999726,
                1.05662233,
                0.77771871
            ],
            "safe_joint_above_cmm": [
                -2.08741379,
                -2.37783657,
                -0.804771318,
                3.18749481,
                1.05068821,
                5.49831074
            ]
        },
        "place_location_1": {
            "description": "place location jig 1",
            "coordinate_system": [
                0.07595,
                -0.47112,
                0.0127,
                0,
                0,
                1.58478025
            ],
            "local_slide_position": [
                0.03763,
                0.012555,
                0,
                2.221441,
                2.221441,
                0.000000
            ],
            "local_checkerboard_position": [
                0.020,
                0.020,
                0.00052,
                2.221441,
                2.221441,
                0.000000
            ],
            "safe_joint_above": [
                -0.973195591,
                -2.00643051,
                -1.44722702,
                3.448247,
                -0.976162651,
                0.79290308
            ],
            "safe_joint_above_cmm": [
                -0.982271303,
                -2.0100957,
                -1.37147973,
                3.37791024,
                -0.9838421,
                5.51157525
            ],
            "place_plane_normal": [
                0,
                0,
                1,
                -0.009043958457883423
            ]
        },
        "dispense_location_1": {
            "description": "dispense location jig 1",
            "safe_joint_above": [
                -0.974417322,
                -2.02737446,
                -1.43832584,
                3.41840187,
                -1.0140363,
                4.68690717
            ]
        },
        "needle_cleaner": {
            "description": "needle cleaning jig",
            "coordinate_system": [
                0.23866,
                -0.22498,
                0.07642,
                0,
                0,
                0
            ],
            "local_clean_position": [
                0.0,
                0.0,
                0.003,
                1.570796,
                -2.720699,
                0.0
            ],
            "safe_joint_above": [
                -0.236492114,
                -1.48283173,
                -1.90485235,
                3.34771604,
                -1.29835043,
                4.68690717
            ]
        },
        "camera": {
            "description": "positioning above place for camera",
            "safe_joint_above": [
                -1.01647976,
                -1.79175501,
                -1.61216063,
                4.97977342,
                1.57306526,
                3.76886399
            ]
        }
    }
}