{
    "dispense_analysis": {
        "target_area_mm2": 315.0,
        "area_tolerance_mm2": 37.5
    },
    "tools": {
        "slide_vacuum_do": 0,
        "clean_vacuum_do": 1
    },
    "camera_cal": {
        "K": 0,
        "dist": 0,
        "rvecs": 0,
        "tvecs": 0
    },
    "jigs": { 
        "pick": {
            "description": "pick jig location with respect to vacuum TCP",
            "coordinate_system": [
                -0.3069718,
                -0.1439808,
                -0.00829633,
                -0.00172387,
                -0.00168453,
                1.57091616
            ],
            "pick_plane_normal": [
                -0.0003511043649597144,
                0.0009748940397525509,
                0.999999463153524,
                -0.002303198294860877
            ],
            "local_slide_position": [
                -0.03763,
                0.012555,
                0,
                2.221441,
                -2.221441,
                0.0
            ],
            "safe_joint_above": [
                -0.07328159013857061,
                -1.6736718616881312,
                1.6443665663348597,
                -0.0131564897349854,
                1.4722827672958374,
                -1.6131179968463343
            ],
            "safe_joint_above_cmm": [
                -0.10996658006776983,
                -1.1856832069209595,
                2.0578416029559534,
                -0.8620410722545166,
                0.672055721282959,
                -1.6298683325396937
            ]
        },
        "place_location_1": {
            "description": "place location jig 1",
            "coordinate_system": [
                0.07595,
                -0.47112,
                0.0127,
                0,
                0,
                1.58478025
            ],
            "local_slide_position": [
                0.03763,
                0.012555,
                0,
                2.221441,
                2.221441,
                0.000000
            ],
            "local_checkerboard_position": [
                0.0,
                0.0,
                0.0,
                0.0,
                0.0,
                0.0,
                0.0
            ],
            "safe_joint_above": [
                0.4384293854236603,
                -1.3094069820693512,
                1.195373837147848,
                0.031139298076293898,
                0.3788461685180664,
                -1.529902760182516
            ],
            "safe_joint_above_cmm": [
                0.5557565689086914,
                -0.9879766267589112,
                1.6103537718402308,
                -0.6640659135631104,
                0.5360093116760254,
                -1.5684741179095667
            ],
            "place_plane_normal": [
                0,
                0,
                1,
                -0.009043958457883423
            ]
        },
        "dispense_location_1": {
            "description": "dispense location jig 1",
            "safe_joint_above": [
                -0.974417322,
                -2.02737446,
                -1.43832584,
                3.41840187,
                -1.0140363,
                4.68690717
            ]
        },
        "needle_cleaner": {
            "description": "needle cleaning jig",
            "coordinate_system": [
                0.23866,
                -0.22498,
                0.07642,
                0,
                0,
                0
            ],
            "local_clean_position": [
                0.0,
                0.0,
                0.003,
                1.570796,
                -2.720699,
                0.0
            ],
            "safe_joint_above": [
                -0.236492114,
                -1.48283173,
                -1.90485235,
                3.34771604,
                -1.29835043,
                4.68690717
            ]
        },
        "camera": {
            "description": "positioning above place for camera",
            "safe_joint_above": [
                -1.01647976,
                -1.79175501,
                -1.61216063,
                4.97977342,
                1.57306526,
                3.76886399
            ]
        }
    }
}