{
  "slide_vacuum": {
    "x_m": -0.09562,
    "y_m": 0.09227,
    "z_m": 0.01624,
    "rx_rad": -1.4917182500000001,
    "ry_rad": -0.6173968600000003,
    "rz_rad": 0.61200133
  },
  "sacdrop_syringe": {
    "x_m": 0,
    "y_m": 0,
    "z_m": 0,
    "rx_rad": 0,
    "ry_rad": 0,
    "rz_rad": 0
  },
  "sacdrop_camera": {
    "x_m": 0.048,
    "y_m": 0.04207,
    "z_m": 0.13454,
    "rx_rad": 0.0,
    "ry_rad": 0.0,
    "rz_rad": 2.356194490192345
  },
  "cmm": {
    "x_m": 0.06715,
    "y_m": 0.0007099999999999999,
    "z_m": 0.01801,
    "rx_rad": 0.9546657722186264,
    "ry_rad": 1.4748924668959453,
    "rz_rad": -0.6602359967273312
  }
}
