{
  "slide_vacuum": {
    "x_m": -0.09562,
    "y_m": 0.09227,
    "z_m": 0.01624,
    "rx_rad": -1.4917182500000001,
    "ry_rad": -0.6173968600000003,
    "rz_rad": 0.61200133
  },
  "sacdrop_syringe": {
    "x_m": 0.0697,
    "y_m": 0.00004,
    "z_m": 0.09327,
    "rx_rad": -1.2092,
    "ry_rad": 1.2092,
    "rz_rad": -1.209
  },
  "sacdrop_camera": {
    "x_m": 0.048,
    "y_m": 0.04207,
    "z_m": 0.013454,
    "rx_rad": 0.0,
    "ry_rad": 0.0,
    "rz_rad": 2.3562
  }
}
